"elapsedMs","tick","selectedName","region","position","body","legacyActivity","motionIntent","resolvedVelocity","resolution","constraint","cognitionQueue"
"10087","40","Janek","workshop","1957, 739","moving","idle","90.0","90.0","full","—","0"
"10354","61","Janek","workshop","1987, 749","moving","idle","90.0","90.0","full","—","0"
"10623","75","Janek","workshop","2007, 756","moving","idle","90.0","90.0","full","—","0"
"10894","89","Janek","workshop","2027, 762","moving","idle","90.0","90.0","full","—","0"
"11160","103","Janek","workshop","2047, 769","moving","idle","90.0","90.0","full","—","0"
"11433","118","Janek","workshop","2068, 776","moving","idle","90.0","90.0","full","—","0"
"11697","131","Janek","workshop","2086, 782","moving","idle","90.0","90.0","full","—","0"
"11976","151","Mira","hearth","981, 734","moving","travel","95.0","95.0","full","—","0"
"12242","169","Mira","hearth","1007, 744","moving","travel","95.0","95.0","full","—","0"
"12526","189","Janek","workshop","2169, 810","moving","idle","90.0","90.0","full","—","0"
"12787","202","Janek","workshop","2187, 816","moving","idle","90.0","90.0","full","—","0"
"13054","215","Janek","workshop","2206, 822","moving","idle","90.0","90.0","full","—","0"
"13335","235","Janek","workshop","2234, 831","moving","idle","90.0","90.0","full","—","0"
"13596","248","Janek","workshop","2253, 838","moving","idle","90.0","90.0","full","—","0"
"13851","267","Janek","workshop","2280, 847","moving","idle","90.0","90.0","full","—","0"
"14116","280","Janek","workshop","2298, 853","moving","idle","90.0","90.0","full","—","0"
"14369","300","Janek","workshop","2327, 862","moving","idle","90.0","90.0","full","—","0"
"14638","313","Janek","workshop","2345, 868","moving","idle","90.0","90.0","full","—","0"
"14899","326","Janek","workshop","2364, 875","moving","idle","90.0","90.0","full","—","0"
"15153","340","Janek","workshop","2384, 881","moving","idle","90.0","90.0","full","—","0"
"15421","359","Janek","workshop","2411, 890","moving","idle","90.0","90.0","full","—","0"
"15682","373","Janek","workshop","2431, 897","moving","idle","90.0","90.0","full","—","0"
"15934","392","Janek","workshop","2458, 906","moving","idle","90.0","90.0","full","—","0"
"16203","405","Janek","workshop","2476, 912","moving","idle","90.0","90.0","full","—","0"
"16465","424","Janek","workshop","2503, 921","moving","idle","90.0","90.0","full","—","0"
"16717","437","Janek","workshop","2522, 927","moving","idle","90.0","90.0","full","—","0"
"16983","456","Janek","workshop","2549, 936","moving","idle","90.0","90.0","full","—","0"
"17249","469","Janek","workshop","2567, 942","moving","idle","90.0","90.0","full","—","0"
"17501","482","Janek","workshop","2586, 949","moving","idle","90.0","90.0","full","—","0"
"17765","502","Janek","workshop","2614, 958","moving","idle","90.0","90.0","full","—","0"
"18019","514","Janek","workshop","2631, 964","moving","idle","90.0","90.0","full","—","0"
"18284","532","Janek","workshop","2657, 972","moving","idle","90.0","90.0","full","—","0"
"18549","551","Janek","workshop","2684, 981","moving","idle","90.0","90.0","full","—","0"
"18819","565","Janek","crossroads","2704, 988","moving","idle","90.0","90.0","full","—","0"
"19084","578","Janek","crossroads","2723, 994","moving","idle","90.0","90.0","full","—","0"
"19345","596","Janek","crossroads","2748, 1003","moving","idle","90.0","90.0","full","—","0"
"19601","609","Janek","crossroads","2767, 1009","moving","idle","90.0","90.0","full","—","0"
"19867","627","Janek","crossroads","2792, 1017","moving","idle","90.0","90.0","full","—","0"
"20127","640","Janek","crossroads","2811, 1024","moving","idle","90.0","90.0","full","—","0"
"20390","654","Janek","crossroads","2831, 1030","moving","idle","90.0","90.0","full","—","0"
"20648","674","Janek","crossroads","2859, 1040","moving","idle","90.0","90.0","full","—","0"
"20913","687","Janek","crossroads","2878, 1046","moving","idle","90.0","90.0","full","—","0"
"21174","706","Janek","crossroads","2905, 1055","moving","idle","90.0","90.0","full","—","0"
"21426","719","Janek","crossroads","2923, 1061","moving","idle","90.0","90.0","full","—","0"
"21683","732","Janek","crossroads","2927, 1062","still","idle","0.0","0.0","full","—","0"
"21940","753","Janek","crossroads","2927, 1062","still","idle","0.0","0.0","full","—","0"
"22198","765","Janek","crossroads","2927, 1062","still","idle","0.0","0.0","full","—","0"
"22468","783","Janek","crossroads","2927, 1062","still","idle","0.0","0.0","full","—","0"
"22730","798","Janek","crossroads","2927, 1062","still","idle","0.0","0.0","full","—","0"
"23002","812","Janek","crossroads","2927, 1062","still","idle","0.0","0.0","full","—","0"
